user_ID,request_latitude,request_longitutude,request_Time,pickup_lat,pickup_long,drop_lat,drop_long
1,12.974908023769473,77.63963234280395,2023-07-02 00:07:00,12.937026585767724,77.60381635702724,12.952341136747181,77.66550378442126
2,13.090142861281983,77.60721927326883,2023-07-06 23:05:00,13.008380189475671,77.59583637552595,12.9493957598144,77.65290555893094
3,13.04639878836228,77.56190552325727,2023-07-03 23:05:00,13.074589167175281,77.50512841316129,13.081250916104207,77.61470579029111
4,13.019731696839408,77.66275900394139,2023-07-06 11:32:00,13.046444977281912,77.56824956552524,12.949909239969902,77.69120942872239
5,12.931203728088487,77.63694623451077,2023-07-07 19:29:00,13.06131222957229,77.57603912375717,12.954389945225726,77.54009490310568
6,12.93119890406724,77.53252338786898,2023-07-04 16:23:00,13.031756673342143,77.57976455617938,13.051879652483592,77.52185284206192
7,12.91161672243364,77.68218543689878,2023-07-01 00:33:00,13.03845531290357,77.61603447384547,12.989947968490108,77.67079239339108
8,13.073235229154987,77.66450744858463,2023-07-03 09:48:00,13.069839130313063,77.60672050934538,13.055342111391036,77.58782996332675
9,13.020223002348642,77.6899599826584,2023-07-01 17:51:00,12.949933601771837,77.62158101855869,12.913073231512877,77.66939377084141
10,13.041614515559209,77.64514390167767,2023-07-01 21:03:00,12.997884992728627,77.65297665230842,12.997514238734677,77.67861804103909
11,12.904116898859161,77.62268303918717,2023-07-04 09:40:00,12.944241888363921,77.66259714774323,12.906722720036656,77.51249151872382
12,13.093981970432399,77.58364860725813,2023-07-06 17:55:00,13.097533601599329,77.6436246152453,12.912530640691072,77.67669295259722
13,13.066488528160084,77.6865456966708,2023-07-07 04:16:00,13.088811867937322,77.69110473919099,13.081287490668881,77.58966381107389
14,12.942467822135656,77.67321277790009,2023-07-07 13:00:00,12.907885362273701,77.50364651653527,12.92784907422352,77.60208649780085
15,12.93636499344142,77.50904373402123,2023-07-06 03:46:00,13.041115034503138,77.53915559713671,13.006484136455043,77.62531850221865
16,12.936680901970687,77.50527339489945,2023-07-03 20:55:00,13.085049663483133,77.50151257499563,12.982219120520142,77.68527652134603
17,12.960848448591907,77.57529267337561,2023-07-06 04:39:00,12.936115069025467,77.62949494283092,12.96946866525177,77.50382321888596
18,13.004951286326447,77.66211066615637,2023-07-05 19:04:00,13.013589046110527,77.67960610979,13.079966669137454,77.59536869366356
19,12.986389003728423,77.697455225863,2023-07-02 03:33:00,13.083097659517609,77.54869645931527,12.904364679355098,77.63754440848611
20,12.958245828039608,77.53008337822071,2023-07-07 22:22:00,12.90678919571716,77.68540690895927,13.032757937235118,77.64454139153965
21,13.022370578944475,77.61882614307044,2023-07-07 08:12:00,13.039484053449367,77.51205347805791,13.092678886842709,77.63850648630742
22,12.927898772130408,77.5761781713262,2023-07-07 19:36:00,12.95946980147451,77.6868872053611,13.012033636692369,77.52688702588162
23,12.958428929707043,77.69398287956292,2023-07-05 07:09:00,13.084879239075306,77.57032453744793,13.087364492406618,77.55987911767434
24,12.973272368658739,77.66842378462714,2023-07-04 06:04:00,13.094211649033074,77.52028416568984,12.910451575857206,77.5717431050834
25,12.991213996843408,77.66766574094223,2023-07-04 11:42:00,13.088853297822686,77.59717435183727,12.983758663814832,77.6608874415359
26,13.057035192278603,77.593738631959,2023-07-05 15:44:00,12.994842843331492,77.55135531354411,12.952031558192411,77.55575197448292
27,12.939934756431672,77.58296390046753,2023-07-02 16:43:00,13.072408530197862,77.55697458039239,13.046164192996146,77.54214099277344
28,13.002846887682722,77.55468141438614,2023-07-05 05:47:00,13.068909879707014,77.56145799298525,13.096259418099448,77.69148960380763
29,13.018482913772408,77.51127509933019,2023-07-07 14:21:00,12.963820094648652,77.66060517956653,12.95130601248885,77.5017726570227
30,12.909290082544,77.67294447525101,2023-07-04 07:37:00,13.065783094830135,77.60783225533505,13.030834920294815,77.6995641711364
31,13.021508970380287,77.66258020182602,2023-07-03 22:09:00,12.907401526943099,77.5622615398312,12.939619526551947,77.63536425977148
32,12.934104824737458,77.69994353465722,2023-07-07 15:39:00,13.01925397569641,77.62206675666218,13.013066050914322,77.66569385988983
33,12.913010318597056,77.69932736741478,2023-07-04 00:23:00,12.94600176745754,77.64323013484464,12.992786497337667,77.55892387926924
34,13.089777107450667,77.61108634112053,2023-07-05 00:46:00,12.924113377155455,77.55452480014671,13.094401065926307,77.50286305553341
35,13.093126406614912,77.6537974830361,2023-07-03 09:55:00,12.915390640325842,77.58270982030507,13.021705454539294,77.64757390371231
36,13.061679469623291,77.68895314597648,2023-07-07 03:58:00,13.039257755175628,77.5243772186674,12.969901274417364,77.66682891940013
37,12.960922753834675,77.66992947813549,2023-07-02 02:33:00,12.967974992753613,77.53622986990693,12.922819156977587,77.64809522639071
38,12.919534422801277,77.54946962034865,2023-07-05 02:18:00,13.044953354305752,77.63622357079299,12.930249365746986,77.52857005746017
39,13.036846605302431,77.59010882706202,2023-07-03 23:03:00,12.913071268159788,77.53628766953912,12.945063385990247,77.6506855844514
40,12.98803049874792,77.52583188303029,2023-07-02 09:56:00,12.963058067566122,77.60503267673342,12.950193332268059,77.65378455642153
41,12.924407646968955,77.69081020545175,2023-07-04 18:42:00,13.007898258475068,77.64180925234449,13.070123211568227,77.63170810313402
42,12.999035382022255,77.62123492689018,2023-07-01 11:05:00,13.058144632967792,77.52137538461895,13.012244557656505,77.65322318655912
43,12.906877704223044,77.54572856110069,2023-07-02 11:14:00,12.963750500586414,77.61346244392578,13.004678182274873,77.66918428793555
44,13.081864080415755,77.63434013688118,2023-07-01 11:00:00,13.025178275287402,77.55131255674027,12.922953774373843,77.6227208228475
45,12.951755996320003,77.62362564809158,2023-07-05 13:39:00,13.077195549647238,77.69258537504751,13.072027938669887,77.51772094279394
46,13.032504456870797,77.57163254360657,2023-07-02 05:02:00,13.023172637636462,77.59670912934399,13.044562860641697,77.59752556193344
47,12.962342215217882,77.52271151843992,2023-07-04 15:07:00,12.946591894950727,77.66119850995503,12.91353367238,77.51552986693432
48,13.004013604235562,77.63431463911856,2023-07-06 02:34:00,12.904880156311307,77.61004530843125,13.041567019445953,77.58150860620648
49,13.009342055868656,77.60406154018077,2023-07-06 17:51:00,13.074019774780187,77.50868250657096,13.00870764346853,77.58142129782513
50,12.936970891105105,77.65446367834713,2023-07-03 22:03:00,12.904253882170078,77.6266302751188,12.916345069149356,77.51320196882804
51,13.09391692555291,77.6040327002224,2023-07-07 17:54:00,13.074940334536839,77.69028066844133,12.991660128305732,77.5697641067939
52,13.055026564672223,77.67043630006371,2023-07-01 07:47:00,13.005787426805442,77.62032236402926,12.996939257426009,77.52219961975827
53,13.087899788312837,77.6103813677549,2023-07-02 18:02:00,13.087813539702578,77.66383777188535,12.933154908032655,77.66164704200185
54,13.07896547008553,77.61218759430707,2023-07-05 18:02:00,13.059756647154733,77.67684129266968,13.089139629400057,77.6895376051929
55,13.019579995762218,77.67533072053168,2023-07-04 15:54:00,13.099586822106668,77.54561595438979,13.069995074296132,77.51446329505158
56,13.084374847004623,77.58069657324248,2023-07-04 05:07:00,12.970142363090343,77.54240896798164,13.03380446746582,77.69102304145834
57,12.917698500410385,77.52680304569013,2023-07-04 11:19:00,13.053437657786224,77.6221961977702,12.992459112200121,77.60451531986735
58,12.93919657248383,77.50575653526266,2023-07-02 22:15:00,12.980386182721848,77.58220569396134,12.982353108316902,77.55991313559078
59,12.909045457782108,77.65102745113472,2023-07-03 08:04:00,12.995975124060783,77.66797226057335,13.030194693430191,77.51537241505524
60,12.965066066152653,77.6240619102707,2023-07-05 13:53:00,13.025501092643674,77.68000462467961,13.009086373881381,77.60012485361409
61,12.977735457937897,77.64081595361985,2023-07-03 22:48:00,13.074735422837268,77.57068427586054,12.912454621176378,77.65890310889816
62,12.954269806354779,77.54259283230178,2023-07-02 10:53:00,13.096816693839859,77.5473741117949,13.002500529754066,77.64141729545334
63,13.065747501830385,77.52727429511735,2023-07-01 05:23:00,13.053654682772903,77.65610510304877,13.061280723446568,77.5100452022928
64,12.971350665338718,77.50290893313358,2023-07-02 02:32:00,12.983553356433466,77.55496120710963,12.991847975519391,77.51458036707358
65,12.956186901937476,77.57011751176132,2023-07-07 15:14:00,12.984271400455414,77.66452286370274,12.910391315510854,77.58057465652652
66,13.00853921663165,77.61798353737093,2023-07-05 12:12:00,13.047516460317778,77.58474765072975,13.057255639876807,77.55905809880959
67,12.928184844994952,77.57844880901995,2023-07-05 02:59:00,12.947755429153661,77.6335099798583,12.940272756427195,77.54647686461121
68,13.060439396150807,77.58749498440474,2023-07-02 22:01:00,12.92209482262628,77.51910706276693,12.951724166977607,77.55620089978174
69,12.914910128735954,77.68083173889875,2023-07-01 14:03:00,12.970924431528156,77.62477186493531,12.93294127068646,77.66069654865937
70,13.097377387320103,77.56965109340466,2023-07-03 11:17:00,12.957447798330817,77.59035353574745,12.9660430129743,77.68584561072637
71,13.054448953859332,77.60279789783196,2023-07-06 19:57:00,12.959261624091198,77.6173216926351,13.051350301137727,77.58102053890552
72,12.939743136306834,77.65673060254824,2023-07-07 01:02:00,12.946721550209983,77.53360284154897,13.003877171900788,77.6812222004265
73,12.901104423424721,77.57930855646426,2023-07-06 19:46:00,12.908418637927273,77.64737474898884,12.940976254830142,77.56429914024957
74,13.063092285690967,77.62441734004558,2023-07-01 19:21:00,12.903574786946683,77.67255941550864,13.075566015630407,77.59528739726876
75,13.041371468769523,77.67247274174935,2023-07-04 12:43:00,13.097544477947206,77.54334796001815,13.075916370990306,77.5452057995632
76,13.045801433608197,77.68990412473153,2023-07-03 06:35:00,12.985554626747172,77.51914291110403,13.0741156850092,77.62809520843517
77,13.054254069337189,77.52941469618581,2023-07-06 17:37:00,12.976865329431936,77.50472771720926,12.947759242276309,77.69579622303496
78,12.914808930346819,77.6853175250323,2023-07-02 23:27:00,13.035929456538614,77.62839430008866,12.990247868836198,77.62069861920868
79,12.971693145708855,77.59842325861591,2023-07-07 12:00:00,12.943650777573014,77.62141880721776,13.096997931228175,77.5715628168227
80,12.923173811905027,77.55164887765979,2023-07-01 07:59:00,13.089992236790044,77.60933948254282,13.054402495261998,77.6295634891981
81,13.072620685175119,77.59182715124766,2023-07-05 22:17:00,13.05726900288311,77.54638941922319,12.905433484245112,77.52458413569308
82,13.024659625365512,77.69600651505709,2023-07-04 10:23:00,12.917882200462453,77.5781811991811,12.913040918252099,77.67773181605308
83,12.96617960497053,77.59852361879858,2023-07-01 19:48:00,12.983516155156986,77.61889526703723,12.992786275362466,77.60061679015597
84,12.912711670057204,77.5657503220575,2023-07-01 10:53:00,13.075823661512432,77.59935337177184,13.081844041172312,77.58986994840792
85,12.962196464343133,77.62668017086335,2023-07-07 13:02:00,13.088946404458282,77.69755710404299,13.007740359590542,77.61717295769071
86,12.96503666440535,77.54802912375564,2023-07-03 01:39:00,12.993480302249974,77.52728795051135,12.999562501606858,77.62495677255788
87,13.045921235667613,77.51517266562173,2023-07-06 18:52:00,13.022682277842142,77.63902891080951,12.921094739991327,77.5143551612453
88,13.027511494271042,77.52577594438213,2023-07-05 12:49:00,12.933406789218415,77.58086375362086,13.031356020944859,77.63652344424469
89,13.077442548515265,77.52560916779156,2023-07-06 16:04:00,13.098233725227395,77.58563992298512,13.064420632120045,77.5483863360631
90,12.99444298503239,77.53038053870246,2023-07-04 08:40:00,12.946334340276689,77.64351955313164,12.976084001501512,77.64279052650132
91,12.923918849187661,77.52776543452988,2023-07-03 17:16:00,13.088546354827026,77.63848723026487,13.055122370185066,77.66450695887684
92,13.042648957444598,77.62817494896065,2023-07-04 07:56:00,13.029929329798474,77.69825119874044,13.092895330780163,77.6607917015105
93,13.052157009723379,77.53637601687983,2023-07-05 16:56:00,13.021547358975772,77.52567885789082,12.940753291825539,77.61050019348158
94,13.012255439513899,77.56913345666477,2023-07-06 22:03:00,13.002537702203302,77.52082192987683,13.004665926238948,77.60403397846216
95,13.054193435990912,77.6793576819812,2023-07-03 12:47:00,12.946133962343552,77.64486776342575,12.957427591616915,77.52857519226788
96,12.998759119272878,77.59479232805258,2023-07-05 04:40:00,12.935305606401101,77.61567738340128,13.058570883806768,77.65506923008063
97,13.0045465658764,77.6335115477042,2023-07-02 12:36:00,12.944097241814035,77.55483213331196,13.015518673176231,77.55428187608935
98,12.98550820367171,77.53446397424032,2023-07-07 19:27:00,12.937287652428852,77.5158838737978,13.02691648351006,77.5993390845636
99,12.90508382534882,77.53845780376173,2023-07-05 16:31:00,13.05591689471335,77.51713164991929,13.059582831923178,77.5568548185855
100,12.921578285398661,77.5081737232533,2023-07-05 13:02:00,12.970025051833346,77.67883817493282,12.979194094532492,77.52676567259994
101,12.906285837137347,77.53378701261444,2023-07-01 10:05:00,12.91156853531268,77.53837346494375,13.083018013681409,77.62591153937835
102,13.027282082252755,77.5557180678064,2023-07-03 17:25:00,13.093820526028162,77.56467431242311,13.006605773449229,77.51086640696458
103,12.962871196215266,77.53540209685535,2023-07-05 09:22:00,13.076757176992684,77.5453312804454,12.93159096456707,77.64972904682524
104,13.001714138232941,77.51774050675141,2023-07-07 19:11:00,13.085550456639043,77.57099926116639,13.039179823633761,77.56351735905223
105,13.081513294785218,77.52412717422013,2023-07-07 00:57:00,13.098981564529288,77.51388476854922,13.05865227008765,77.5000269386009
106,12.949858445829776,77.59215575360655,2023-07-03 05:54:00,12.934779049843897,77.60381195818165,12.963352335413505,77.60222582784745
107,12.982076584607126,77.54126674368116,2023-07-05 14:16:00,12.979248403780533,77.51352251271844,13.07143585139975,77.50937038170552
108,13.051110227708609,77.57285397220961,2023-07-05 18:54:00,13.051647695140819,77.66007130156447,13.081228650953152,77.55523391156419
109,12.945759633098325,77.60068345417098,2023-07-02 11:05:00,13.039204123610759,77.54674241638209,12.955380897475562,77.64139529749114
110,12.915395981965759,77.63807896572588,2023-07-06 23:14:00,12.93077918126797,77.6080023829209,13.096704294543045,77.51253792432438
111,12.957950290582755,77.50786242796822,2023-07-06 03:22:00,13.063166624998123,77.6760158175123,12.928142305609752,77.6678676984712
112,12.932244257450801,77.65988207978181,2023-07-03 16:25:00,12.944888114367332,77.63017547380944,12.940403133680498,77.50076398453172
113,13.085939530468515,77.62558007789818,2023-07-05 13:40:00,12.944763522964525,77.60659155731027,12.936844967847605,77.54936477384038
114,13.061624075912883,77.51635180638978,2023-07-05 06:51:00,13.007394884578682,77.56486675062308,13.078797942001573,77.64818081123042
115,13.026680751302084,77.67471572482135,2023-07-07 21:08:00,13.01858798696834,77.56660038261164,13.030858510464991,77.56325402994587
116,13.074292118037544,77.68417448010636,2023-07-03 08:31:00,13.016017241567562,77.63389739103964,12.930420856644455,77.5203784776132
117,13.060734415379823,77.51221559197097,2023-07-07 15:32:00,12.918297367479552,77.69882787224424,12.98806468367367,77.57204678376009
118,12.937314011777207,77.55537552962944,2023-07-04 12:04:00,13.075492172526076,77.63236783796988,13.02305960501396,77.5540786572769
119,13.078511799697996,77.66124025595862,2023-07-01 01:18:00,12.953120008517741,77.611556683474,12.916692816997877,77.66854238043211
120,13.00786844838313,77.64965193807673,2023-07-03 21:42:00,12.925902984256561,77.64613010204785,13.076483273681468,77.56266958351704
121,13.061488031032813,77.53690420387127,2023-07-01 13:14:00,13.077749615973795,77.59304112245674,13.060720707088306,77.65778649435521
122,13.079218259984698,77.54186986466735,2023-07-06 00:44:00,13.09113029964595,77.51202846852016,13.001041354715328,77.67837442896214
123,12.963600694994373,77.57409442055828,2023-07-03 23:30:00,13.07242552345309,77.61245936317559,13.093425323051834,77.5867634839153
124,12.922010384905535,77.5969045970382,2023-07-07 15:44:00,13.061903214944975,77.69152505690109,12.98355219585502,77.68198862877088
125,12.945587032508389,77.62365095430606,2023-07-02 04:50:00,13.031048396127805,77.53506058847154,13.096822063807299,77.57546361079264
126,12.985421557725251,77.57378272791395,2023-07-01 07:08:00,13.010171474121828,77.63800097816413,13.033583999760726,77.69281568329802
127,13.063602953184498,77.59250694322662,2023-07-07 15:27:00,12.917397351982283,77.54018673773182,13.026934254650788,77.51785790490511
128,13.072146116651268,77.64949418762676,2023-07-02 00:59:00,12.98169064261414,77.60716553689461,12.933190979059157,77.63740385330065
129,12.90139042610624,77.50733664057812,2023-07-05 06:10:00,12.974537703402463,77.51933528992934,13.076385551660929,77.5987628080914
130,13.002149460515513,77.5504873888688,2023-07-02 12:40:00,12.951950756752066,77.59007418725164,12.985497937584123,77.57752976109113
131,12.983482200629755,77.64266991717692,2023-07-07 22:02:00,13.044684022737718,77.65123266577905,12.932446681156495,77.62654237574972
132,12.944421562094146,77.67904136753744,2023-07-02 19:20:00,12.999175147015753,77.5695143048478,12.902521503995152,77.64077141832686
133,12.923973073466737,77.60233548842314,2023-07-07 21:37:00,12.91620924318153,77.63298234489744,13.011951136727676,77.50087265393006
134,12.967523034280726,77.60642269705306,2023-07-04 15:35:00,12.944036640389962,77.65908999215794,13.005479924424534,77.53339061774945
135,13.088581940782504,77.52143440226796,2023-07-03 03:34:00,13.036651752731919,77.6854355638959,13.043870724473832,77.64260921012686
136,12.964640586404151,77.5894824733647,2023-07-01 10:12:00,12.91522617189806,77.54692841637109,13.078051610603561,77.63327708271564
137,13.003758124348673,77.606523453291,2023-07-06 18:48:00,13.070241382809753,77.57986318316186,12.915881316928607,77.69320950102573
138,13.040603791779036,77.54849410072694,2023-07-04 00:19:00,12.999029305402795,77.53048320266609,13.046299298068073,77.65220755805016
139,12.97272592047586,77.55384864618988,2023-07-06 03:03:00,12.99611731546533,77.69849670043168,12.937482388819516,77.69015454154626
140,13.094356416544192,77.57545683262093,2023-07-06 16:10:00,13.018481556931903,77.68540019358487,13.071635410631433,77.64050810030696
141,13.092489458988421,77.50401423955554,2023-07-06 00:49:00,13.06493619318503,77.60799142605612,13.063812702772331,77.55961044172788
142,12.950356459165073,77.56441583311664,2023-07-04 08:42:00,12.969561841580438,77.66840665887528,13.00815875099711,77.52107298445017
143,12.999449701178477,77.5422896013993,2023-07-07 16:43:00,13.035603230511812,77.60419159545441,13.042048559724662,77.656364772669
144,12.960175661963355,77.56549947043558,2023-07-03 04:23:00,13.013146392799158,77.62471713760056,12.96287002263675,77.62882984429518
145,12.956968098875494,77.52395242636385,2023-07-07 10:16:00,12.953405654033885,77.5178248864232,12.994233579786563,77.50963720247866
146,12.907377389470907,77.67810545614797,2023-07-04 07:53:00,13.07572599727103,77.65105408409936,13.064327379542094,77.5720100931802
147,13.02191286679598,77.6187184907108,2023-07-04 21:12:00,13.059485204321385,77.52554269672704,12.991853039434643,77.69135996309686
148,13.000535804645772,77.6358204638289,2023-07-05 15:10:00,13.031690366931684,77.66521352605051,12.97155965306509,77.60008022914204
149,12.910295750249999,77.65783424772147,2023-07-05 07:53:00,13.070116345818848,77.65640561753408,12.99884248945006,77.58654582720395
150,12.955729292847323,77.59968843978581,2023-07-05 00:40:00,13.073458840191961,77.64174893954859,13.065649850487443,77.59153992103187
151,13.081653177193331,77.51738405761749,2023-07-01 11:13:00,13.041672595343007,77.50723207610496,12.967041609474174,77.54177654480104
152,12.947912378133395,77.60742130836371,2023-07-07 11:23:00,13.067402665672734,77.56062567118907,12.93475231862715,77.57374143417296
153,12.928978974418245,77.61736822360417,2023-07-07 16:33:00,13.039494292333856,77.55262251398217,13.042402804066157,77.57396265119743
154,12.997890552055512,77.64908789483687,2023-07-07 06:20:00,13.03602815435206,77.5720272814943,13.065195642541616,77.5104710040375
155,13.09713009082212,77.58633190924594,2023-07-04 14:31:00,13.023722275643037,77.51752854935276,12.920127495704707,77.65351352570359
156,12.9484110543023,77.52551606055911,2023-07-06 10:15:00,13.050543327911528,77.68739156460622,12.947974822551188,77.58330088638078
157,13.034427109481175,77.55675518115974,2023-07-06 08:08:00,12.931721021058616,77.61076044814247,12.928394397952198,77.66443597736328
158,13.052323923065744,77.57261645927973,2023-07-07 17:17:00,13.076174151839785,77.5611048621316,12.969588282316433,77.67006960022398
159,12.94752750879848,77.62918344826632,2023-07-02 01:48:00,13.074368705549047,77.57939630341485,12.990070195781083,77.54239881093973
160,13.045643269722373,77.61415566093379,2023-07-06 09:27:00,12.905849456606912,77.58944050810096,13.049765267392662,77.63147069643402
161,12.97355662654385,77.57121934517957,2023-07-03 14:51:00,13.065163350112952,77.62011886667213,13.030229516976334,77.5944563608326
162,13.026461166118716,77.6973030497586,2023-07-02 06:58:00,12.925773973494689,77.6031358855393,13.024185713495687,77.6760313475843
163,13.026705942152178,77.62115496387138,2023-07-04 21:23:00,12.967023770851828,77.68387839464289,12.97047498932193,77.5431481358353
164,13.00715493681495,77.5474453583472,2023-07-03 12:43:00,13.048701651258321,77.59939269658116,13.068289510616951,77.635562640062
165,12.918057954010882,77.52035649452408,2023-07-06 18:23:00,12.932151979209662,77.69843160296466,12.994257433479634,77.62155042445055
166,13.067060499117847,77.53057182783687,2023-07-07 15:00:00,13.063593404823813,77.67028499154902,13.09582098760303,77.55906029551437
167,12.964156012994348,77.5491915456769,2023-07-05 07:03:00,13.066426835591548,77.54170210287147,13.026828427659147,77.52732018073023
168,12.937303702079971,77.53213627465192,2023-07-04 05:53:00,13.001493546752167,77.68611904292878,12.9252529483129,77.63032795209546
169,12.908155028310953,77.53731340481026,2023-07-06 03:41:00,12.901277174343367,77.5232732795771,13.035235512415086,77.64771949162648
170,13.018178588637648,77.55701903373877,2023-07-03 07:44:00,12.957407626634982,77.66348994169824,12.96502080308634,77.56312546875267
171,13.035512872368457,77.53467471905896,2023-07-07 22:12:00,13.023385383675148,77.57612465869532,13.037265439337219,77.62896652080447
172,12.90331756578557,77.67935308492528,2023-07-04 08:20:00,13.096237235605484,77.67559486408902,12.913928229632482,77.5790261815223
173,13.002418611659856,77.51604674913233,2023-07-06 00:30:00,13.026362705403333,77.67361133802149,12.934976287435193,77.64264137665653
174,12.945299155039589,77.60490227791405,2023-07-03 22:28:00,12.951960716212833,77.66118508002353,13.071147451781156,77.53984305497882
175,13.02903455808189,77.58207936539793,2023-07-03 07:21:00,13.026801140619922,77.65800608726141,12.945435911404703,77.67804300052724
176,12.934873285800998,77.69647572338172,2023-07-05 17:03:00,13.007997075943171,77.5609358278196,13.067408225048588,77.55748191929311
177,13.038187547620494,77.52240778043361,2023-07-02 04:11:00,13.055969079030229,77.51618385661025,12.955855217690882,77.57355719755124
178,12.977347069260107,77.57957111980915,2023-07-03 19:53:00,12.921396127765393,77.58059603575303,13.02857638201174,77.51161839041607
179,13.087345997747347,77.69389408665508,2023-07-02 22:21:00,13.052205580500406,77.5347049029973,13.038830114701966,77.52230244246425
180,12.927504188829198,77.6731014251788,2023-07-04 15:37:00,13.008253315735223,77.63899021778049,13.00253095062901,77.60317238054246
181,12.968213270210052,77.66341441418986,2023-07-04 20:14:00,13.092598400771799,77.56921994530755,12.961062135339347,77.55351853534559
182,12.922694704248118,77.55158056540898,2023-07-01 00:55:00,12.968374433207737,77.69512204017198,12.942528875274219,77.66709604514844
183,13.084938723655712,77.53417751747801,2023-07-05 19:12:00,13.026524378626789,77.62819441546907,12.906637870912485,77.502938677731
184,13.075467870676196,77.63372864398488,2023-07-04 08:00:00,13.086405621102003,77.66449611272688,12.960789280248145,77.57581880973439
185,12.951588325543032,77.68587519782552,2023-07-05 11:11:00,12.920501945598136,77.52650493454837,13.030632558106257,77.56746910935382
186,13.031996809206836,77.61135257860279,2023-07-07 06:51:00,13.08744569744729,77.67240289645453,13.087660963689697,77.50386552618352
187,13.063444440040243,77.61432253789398,2023-07-03 00:10:00,13.037577144460162,77.68455143810269,13.07424089645261,77.52487367980011
188,13.011040162319892,77.55599581873206,2023-07-03 00:41:00,12.913567411821035,77.59741238376378,13.05321295530706,77.58272853498373
189,13.005930115671202,77.65389858663839,2023-07-03 19:45:00,12.960192713389363,77.6212505875502,13.05768946865066,77.5985729168895
190,12.94837045818009,77.5374087497115,2023-07-04 02:04:00,13.041634417729057,77.6529619601806,13.032996980695199,77.58085794945097
191,12.91862055356118,77.56473584728084,2023-07-05 12:15:00,12.913470120293754,77.53496772545208,12.9520573715132,77.60618753568242
192,13.079443151590665,77.58508728772328,2023-07-07 01:13:00,13.016434092035254,77.6005132152927,13.081439006141165,77.61902633498114
193,13.080083611432666,77.6015220757369,2023-07-04 16:08:00,12.96917661139059,77.57973260555447,13.034146462381166,77.50198476422557
194,13.026620291454654,77.54848194648302,2023-07-05 13:43:00,13.024183103553495,77.52927479843245,13.012088126196089,77.5928190318907
195,12.967805958209741,77.52296736494785,2023-07-03 08:06:00,12.909148406762503,77.57350688445831,12.922197893842696,77.69269984817753
196,12.969841914922533,77.62212400848833,2023-07-05 20:49:00,13.074307361230474,77.5136344618771,12.989411108761285,77.60380645602591
197,13.045191135774047,77.55772611064805,2023-07-07 12:07:00,13.09469779383548,77.5051623813899,12.992071654240386,77.6355084534918
198,13.079422051990516,77.61624764428453,2023-07-03 23:06:00,13.093775571057138,77.52703325783096,13.072912721904533,77.56237277158338
199,13.077417284853023,77.53087254305484,2023-07-04 06:32:00,13.049930366348585,77.69262302231783,13.009329644037559,77.65479827563055
200,13.055975109171525,77.59622802037096,2023-07-05 23:08:00,12.926017248026128,77.609905907179,12.976080109794083,77.65458429637522
201,13.028406329230858,77.60651788651032,2023-07-01 02:51:00,13.051652639185804,77.69316443223065,13.095360065702131,77.60425920953082
202,12.91682799299901,77.51036470736449,2023-07-06 18:42:00,12.90491738329176,77.58649957566602,12.922144118665264,77.69520276465585
203,12.932325742818923,77.56732085563878,2023-07-01 01:43:00,12.9044247103058,77.56236322661705,12.984509685662388,77.52511004295253
204,13.079710837705415,77.52688293538779,2023-07-02 12:33:00,12.964722043829909,77.60122837256804,12.908404935034282,77.50338953297792
205,13.021285811931918,77.51267499409455,2023-07-05 13:39:00,12.997728638080932,77.58790233772659,13.047980824153386,77.65403164235143
206,12.901839410323326,77.69799204647799,2023-07-03 13:04:00,13.054081483561559,77.52113293685235,13.08361531043983,77.66143110747298
207,12.920294308573206,77.56447076899495,2023-07-06 07:58:00,13.036659075321301,77.62816526293804,12.956007465910098,77.52404144582411
208,13.03270035382161,77.66197488917093,2023-07-04 18:01:00,12.98918054127535,77.54320763650192,13.071668335359824,77.55311656659173
209,12.901012316769243,77.55092813095276,2023-07-02 01:11:00,12.954725333256333,77.62391759097957,12.95844364609238,77.50351047267333
210,12.9321616102835,77.6363005444448,2023-07-07 21:38:00,13.099424900031542,77.63004021847964,13.082154032328782,77.55866172215612
211,13.009746757873318,77.65204557197794,2023-07-02 11:03:00,12.985236260447195,77.53040497062572,13.050792380719356,77.65462837478374
212,13.038379039538539,77.61912774812157,2023-07-03 16:15:00,12.990277404865935,77.51226992542213,13.060981355368288,77.60359210554252
213,13.03039225190052,77.59431523771003,2023-07-01 01:05:00,12.932724764238333,77.6561523172137,12.903601311120092,77.56961911863365
214,12.944853861892112,77.58236818282946,2023-07-05 17:20:00,13.058961909749986,77.59196008475386,13.092562071414806,77.57434785898127
215,13.042435844269507,77.5697736533086,2023-07-07 09:00:00,13.038736445156298,77.51163275910109,13.045334198414064,77.5002707251431
216,12.94744981749936,77.68590582884957,2023-07-06 17:56:00,12.944153922557753,77.69897326343396,12.960950219077226,77.55996010551304
217,12.965079939631854,77.66612388155755,2023-07-05 04:37:00,12.916476209123168,77.51155611219927,13.065878932971769,77.62929174832759
218,13.049298281023605,77.69300538213331,2023-07-05 21:02:00,13.036099860414943,77.6390070457717,12.956304239682986,77.69483888876327
219,13.029926579809443,77.52485944469711,2023-07-05 18:54:00,13.030902242856227,77.69673578505268,13.074550767913225,77.66941216539678
220,13.069844682098836,77.64617349504073,2023-07-02 11:37:00,12.954651905399642,77.54783602084319,12.922516078082388,77.5047189929291
221,13.031522578460068,77.68766809136422,2023-07-02 06:32:00,13.090172712450082,77.52844987373744,13.04073719549216,77.67971212093497
222,13.013661720667095,77.53624661323313,2023-07-02 16:09:00,12.93021157835618,77.52427698788449,13.008139695328982,77.65663968265973
223,12.918734953565618,77.51329925347335,2023-07-04 11:59:00,12.98646696020852,77.56065502951353,12.919306894039089,77.6560752247142
224,12.973543160611888,77.64822412985801,2023-07-06 09:34:00,13.088723184033519,77.52020916220214,12.948378765651768,77.59159915180072
225,12.953040473536346,77.61489462263599,2023-07-07 08:23:00,12.983945463385224,77.63843226833883,12.902480807255463,77.5796010585909
226,12.948797928675816,77.66836575535166,2023-07-07 01:06:00,13.027705189532817,77.51245835962601,12.993753593092901,77.56058314576664
227,13.094602110950488,77.52795447532526,2023-07-04 19:36:00,12.97951887959256,77.60188442562996,12.960253052152,77.51313897179088
228,12.978619544933352,77.65905346237199,2023-07-03 04:18:00,12.954843040469735,77.6993393707706,13.019671496859551,77.54564707269874
229,13.078409311035422,77.54032546400956,2023-07-01 17:39:00,13.096795529591965,77.66279405390121,12.959447561541724,77.5493207269956
230,13.026227725199453,77.53273118857314,2023-07-06 09:52:00,12.981866801263008,77.6230438876462,12.959983822301398,77.59681541394204
231,13.058962260708329,77.5328531595862,2023-07-03 21:06:00,13.078819840735827,77.56125072415732,13.04863863974632,77.64948888131934
232,13.000527418621038,77.66291494404628,2023-07-04 17:57:00,12.945990921178218,77.62477916725832,12.909628567195671,77.5947619656796
233,13.015380776925271,77.63303944413924,2023-07-05 23:53:00,12.942620940805018,77.60540829278233,13.080578999038398,77.51156888988943
234,12.998503538763773,77.60461308495383,2023-07-07 06:58:00,12.906226816576902,77.58521667677807,13.070452774878236,77.69155796019764
235,12.939048597559609,77.5717660968247,2023-07-01 06:28:00,13.030333365075176,77.52614207534803,13.033560936645282,77.68854486381882
236,13.0444904230523,77.67544010816262,2023-07-05 12:49:00,12.973705268744752,77.6773208430481,13.018644314021477,77.65703790862969
237,12.956154472488171,77.57848902148453,2023-07-06 21:47:00,13.072871649967928,77.58995692976427,13.07846049962793,77.69826558031285
238,12.90486319328629,77.66331988789432,2023-07-01 03:55:00,12.994641981338312,77.53892450236415,12.937066035905744,77.60889646656005
239,13.029094459181433,77.58782698171404,2023-07-02 21:43:00,13.093638685582944,77.57355187017546,12.915793832438165,77.69255367005064
240,12.93542213588141,77.57538888588498,2023-07-05 05:31:00,12.937105103140624,77.58282595050579,12.947902033981908,77.51512100812334
241,13.088091716870583,77.59253595713392,2023-07-04 05:33:00,13.073724633591121,77.66550757911338,13.058915655740037,77.57313614965227
242,13.090785715400518,77.56027557483283,2023-07-04 01:02:00,13.055319370558347,77.64672287611228,12.906934053345298,77.54507625360135
243,13.082972878044089,77.64952187603525,2023-07-02 21:55:00,13.05418436892881,77.65386097872828,13.016561367016697,77.53916661682686
244,12.974031740051089,77.6005440780185,2023-07-07 09:36:00,13.068956645623377,77.50220625288573,13.09908750323826,77.52816058977854
245,12.903091323305773,77.54644253902936,2023-07-01 22:09:00,13.0522047981886,77.58323079963596,13.071139218767508,77.6244827283132
246,13.085663712517544,77.67991491465492,2023-07-04 05:06:00,13.025244064326284,77.59626883032706,13.004289137808717,77.65626437114946
247,12.985636829663463,77.57677824427465,2023-07-04 03:27:00,12.926248975536478,77.50383845536462,12.912728181857329,77.61565967988408
248,13.093330963808734,77.6087105722228,2023-07-04 13:50:00,12.906505235898251,77.55196264174901,13.066274702877141,77.52939254191764
249,13.09272399541785,77.6812944221929,2023-07-04 12:55:00,13.084169569563137,77.65205796462443,13.019795701635442,77.66222475398669
250,13.070601891093471,77.6248475991828,2023-07-01 19:44:00,13.023330062904147,77.5274219411458,12.922986599411914,77.62719094143274
251,12.958889778413917,77.52337960814167,2023-07-04 05:08:00,13.059307458195235,77.60706202629052,12.918771456964672,77.5776331412254
252,12.977019545720385,77.6879664247227,2023-07-05 00:13:00,12.99630447030251,77.54304037440345,13.081925363887319,77.63482605910721
253,13.070227334303372,77.62554161061429,2023-07-04 07:00:00,12.92346163779248,77.50242415492878,13.033840052587616,77.55198099584857
254,12.963384401031256,77.56698112293142,2023-07-03 23:59:00,12.92503715844051,77.5482402915199,13.065857359863351,77.56903844169884
255,12.933898549337218,77.52785441453268,2023-07-05 13:15:00,13.037113057445794,77.69517475098202,13.075795780056453,77.6834971686264
256,13.01136025249167,77.65880503785407,2023-07-02 18:43:00,12.986061178979893,77.6603074223766,13.014354470409664,77.55810090113428
257,13.087230954832156,77.62401455118571,2023-07-04 08:22:00,12.940104945340067,77.69191532886421,13.003489270351007,77.59399765363159
258,13.039205959334994,77.60669221839527,2023-07-05 20:32:00,12.998318909348287,77.59757080878528,12.986085482064198,77.6780282274792
259,13.014012234017873,77.6787785166102,2023-07-05 20:43:00,12.912841787415028,77.5219472397355,12.963389317558224,77.6415442700535
260,12.919435298754154,77.65771944224491,2023-07-07 02:02:00,13.01639428038288,77.60959189779474,12.986919192171742,77.51244064523294
261,13.023001445339833,77.53033497594654,2023-07-01 05:03:00,12.95379868088702,77.590875466912,13.05477593114603,77.5294606088558
262,13.098010770020853,77.56234441355912,2023-07-03 09:59:00,13.059511820127437,77.66887141654793,13.020384686203027,77.50156831815438
263,12.928016803047305,77.54969782796289,2023-07-06 21:11:00,12.962072391784714,77.51961651615684,13.078504657990969,77.62618435804583
264,13.003665930472748,77.64878925851454,2023-07-04 23:06:00,12.99104402981636,77.59764822740436,12.988676002875838,77.58953468508209
265,13.075474614385591,77.50670648694715,2023-07-02 21:28:00,12.90232410798162,77.5300097329388,13.02141791574375,77.52685497018045
266,13.048153723550842,77.61397793697427,2023-07-06 13:00:00,12.914489377558912,77.56493518537802,13.026261510618397,77.69158682421136
267,13.039403148199053,77.65249173714814,2023-07-02 13:25:00,12.978498711281338,77.64747141547757,13.018339432461264,77.60593194478912
268,13.040496816797422,77.67535312735235,2023-07-02 16:36:00,12.995987766943424,77.59520362587375,13.040526754617103,77.54837865882259
269,12.971898230243951,77.56841634974319,2023-07-01 15:42:00,13.02000410962386,77.57517765702916,12.94748669367496,77.60012071423094
270,12.9587183688529,77.66425146093441,2023-07-01 01:08:00,12.95833251574186,77.578895255714,13.002472755509158,77.63592406654702
271,13.061872231095702,77.52212634739104,2023-07-06 18:50:00,13.038996377225308,77.5918893536812,12.92084496056167,77.51524784359471
272,13.062022678935836,77.66929045834691,2023-07-05 20:43:00,13.072024479437841,77.65700330876741,12.976902265528963,77.55494076300958
273,13.07341446371602,77.52549773246639,2023-07-04 09:08:00,13.05597019777867,77.67841693778804,12.997533413724254,77.6613930981768
274,13.082648110511293,77.57945745811207,2023-07-03 03:29:00,12.907923765069672,77.69106693730079,13.030444851909094,77.59193297408054
275,13.002268479772187,77.65945907315592,2023-07-05 23:44:00,12.996101389451566,77.65738067725106,13.09010621051724,77.60931542840646
276,13.00030325893744,77.52998348546976,2023-07-06 18:33:00,12.920986035683635,77.56308137914961,13.02013021330967,77.5865632004419
277,13.059659035793354,77.54585027904653,2023-07-06 18:38:00,12.948409003172506,77.6376269412173,13.048718783235312,77.5087799885286
278,13.029992786155553,77.64445051367862,2023-07-07 02:12:00,13.09733251865343,77.58752062481108,13.00125321189904,77.53314995596403
279,13.04039337545154,77.64400730730922,2023-07-04 07:03:00,12.928499108580302,77.55093412440921,13.026820806275266,77.58910832774838
280,13.05915853388722,77.62822952657706,2023-07-03 20:11:00,12.999777630690271,77.66817431588518,12.914186443226756,77.54183709308158
281,13.078001068363513,77.63878968889343,2023-07-04 19:20:00,13.023631146863623,77.50768526979246,12.95087831616837,77.50999580573193
282,12.967599031370307,77.60854488866953,2023-07-03 23:26:00,13.04049299410882,77.68035239842709,12.972370618641028,77.66872993281036
283,12.975116590527989,77.55035981178139,2023-07-06 03:19:00,13.011929736697383,77.59229549292495,12.994498671001303,77.69623850583282
284,12.918796387968174,77.56913919870078,2023-07-05 20:15:00,12.901954169483837,77.62744029536165,12.909129749100478,77.65862857479935
285,13.015656028199235,77.53631954336029,2023-07-07 13:04:00,12.965292261648798,77.63187078444116,12.928004819510663,77.67075698434094
286,12.907188454759348,77.68169011226672,2023-07-05 18:16:00,13.003542328676943,77.67902354814132,12.955362861558262,77.54839542606341
287,12.993119603626493,77.61667835895322,2023-07-02 11:34:00,12.917573299828968,77.62733393643344,13.09430653818021,77.69212539510264
288,13.008528926941516,77.58017028335273,2023-07-01 10:16:00,12.970125386241836,77.62278671695202,12.966269401420611,77.53938514089069
289,12.957308250425656,77.59240116072883,2023-07-01 17:33:00,12.906640621758273,77.51333040811214,12.996408211622416,77.69028596207237
290,13.018166652113802,77.68945666792237,2023-07-04 09:26:00,12.915715699431004,77.60368160438904,12.93921954254768,77.69896385879319
291,12.90610004998781,77.53067028062321,2023-07-06 10:54:00,12.979384655240318,77.53003380016341,13.022156014215154,77.64234456114922
292,12.907469637749843,77.61724596640336,2023-07-03 16:55:00,12.926543150808612,77.6474867537443,12.956136643103195,77.69622874635837
293,13.064520112131932,77.6011777357769,2023-07-07 10:45:00,13.013508169652312,77.60244438416254,12.941398515687686,77.61390795591342
294,12.972038128282252,77.62229084708693,2023-07-07 10:57:00,13.037892993827453,77.63604555584168,13.003314525689197,77.55190835663522
295,12.925412102530377,77.50362203676417,2023-07-01 15:59:00,13.060117339821817,77.50833458012048,12.901101159832084,77.58739917713312
296,13.00444865201096,77.67442478178883,2023-07-03 01:01:00,12.940030048848962,77.51695840320916,12.901532806529845,77.61871218707576
297,13.053998710619721,77.68642365649673,2023-07-06 07:40:00,12.933496516451815,77.64326467761254,12.943813761820373,77.51461631240541
298,12.943164205499368,77.61302663671785,2023-07-03 23:34:00,12.920913568066881,77.51441686719973,12.907344272500165,77.62446865292345
299,13.0245780951638,77.63933016477539,2023-07-02 12:27:00,13.027286049908728,77.51425134555305,12.921605150826139,77.69623556735246
300,12.917069492998754,77.68449987623546,2023-07-01 01:21:00,13.04129514529738,77.50242169504698,12.96777212986775,77.53802152995675
301,12.910336344233722,77.64144772686268,2023-07-01 07:53:00,12.90631722896513,77.6913002796599,13.060517135915962,77.65851902325768
302,13.00627092631363,77.53050780858285,2023-07-06 17:49:00,13.087242449248738,77.6475016718918,13.01440972867386,77.68157975875593
303,13.008127024322022,77.61525767203337,2023-07-02 09:57:00,12.910394256730294,77.57065028170041,13.002533545191284,77.68874031856404
304,13.027485980299641,77.62134300927657,2023-07-06 10:40:00,13.008259267060215,77.55930711625753,12.958697764641624,77.6920271208811
305,13.045218266744532,77.58482613426048,2023-07-01 14:59:00,13.041812103890184,77.56994064594917,13.086350743886562,77.6042919277443
306,13.095170415892506,77.64728884712494,2023-07-01 19:22:00,13.074193824749218,77.65493070623624,12.979403008247438,77.69546158159831
307,13.00326006966024,77.68687340295381,2023-07-03 13:00:00,13.042817386426485,77.63227412221408,12.917418553359155,77.6514620414269
308,12.96459129458825,77.68511370258136,2023-07-07 20:05:00,13.060345616613958,77.5370391135735,13.02341330322356,77.5323342872474
309,13.05903723895374,77.59016787428082,2023-07-04 08:21:00,12.96789003850856,77.53482186706681,12.92276767869532,77.5953800212936
310,12.954166450252416,77.52264760916815,2023-07-03 19:03:00,13.062965022749303,77.51967912994267,12.969044628560338,77.6436662350744
311,12.987794284141128,77.69696823979247,2023-07-07 17:06:00,12.916022969276936,77.63206054394027,13.001482387743561,77.54946806316381
312,12.915691276268454,77.66777961728918,2023-07-04 11:29:00,13.078963331212105,77.65287453244434,13.074844504937035,77.62812303670978
313,12.905070148683091,77.52493253624066,2023-07-04 01:46:00,13.009518475230747,77.553009285665,12.998709316068023,77.63332009580932
314,13.092529682935584,77.68416837652347,2023-07-04 15:33:00,13.063459553992498,77.50418899220618,13.040451753206332,77.53253994876171
315,13.06719602410244,77.67397927241242,2023-07-04 12:22:00,12.99046365690366,77.51643433349528,13.098563367799814,77.61301706249056
316,13.03919484121874,77.60376761142521,2023-07-06 23:47:00,13.028715539039306,77.693572006969,12.926297823979597,77.65432538219572
317,12.981790588882854,77.61825508714898,2023-07-01 17:54:00,13.005280532187223,77.55908895549548,12.954946305103904,77.59977913290719
318,12.93465886401417,77.57980054077403,2023-07-02 21:22:00,13.046317904351067,77.65384462956763,12.97891521511953,77.50242062335522
319,12.931287408534217,77.5109523277644,2023-07-03 11:47:00,12.916325996406119,77.62493271377086,12.984365635707766,77.50180769381586
320,12.95004857963292,77.56703944832918,2023-07-04 06:16:00,12.912070416798112,77.57638792793058,12.982204215053109,77.571405868794
321,13.009845332941223,77.6605706897196,2023-07-04 12:57:00,12.949420646802029,77.54113745243912,13.08152220051131,77.68523881368635
322,13.042919184540013,77.50092640460092,2023-07-06 23:31:00,12.931908936022637,77.52427728363187,13.04280652889337,77.54573535592073
323,13.032039475343547,77.56669983433822,2023-07-05 22:24:00,13.07435671331844,77.62300259360778,13.021581042818141,77.62687273777433
324,12.955986779389189,77.57963373871819,2023-07-01 16:27:00,12.943842797471609,77.65492675612757,12.961874543572556,77.54441517413866
325,13.090973056132638,77.60747912058758,2023-07-06 21:24:00,13.095173051163826,77.62878085070822,13.064758076844258,77.56433399793191
326,13.047579383339153,77.68397112328256,2023-07-02 09:40:00,12.967379158354222,77.60606042664983,13.091012102296997,77.6696084179203
327,13.01087081050228,77.56926919887319,2023-07-01 23:48:00,12.93642358313774,77.50839024468632,13.064239656510045,77.645772288454
328,13.022344149246871,77.56939064037924,2023-07-06 04:14:00,13.057939701428495,77.69369775551888,12.900313021038295,77.51907985546264
329,12.983920012485559,77.64750024962196,2023-07-06 23:23:00,13.031741555100176,77.65974283833091,13.02728027403668,77.58574040419728
330,12.949546197900231,77.59044358817796,2023-07-01 09:25:00,12.999639143290628,77.5585644073402,12.91022707628842,77.50583395272905
331,12.971194535730252,77.544920964588,2023-07-03 07:44:00,13.011072710187527,77.69599406587177,12.951521444066744,77.5961780293206
332,13.051569222092875,77.59048790322655,2023-07-07 22:12:00,13.043840355654453,77.62037631792727,12.911904940069554,77.63248680234021
333,12.902878697725951,77.52817140407596,2023-07-06 20:53:00,12.94569094826626,77.61648453164145,13.020759090589877,77.52370052471963
334,12.923214528101383,77.53527739730124,2023-07-07 01:29:00,13.099266783211348,77.64961463588591,13.037317982698521,77.55777698778184
335,12.909200528404352,77.59967355454789,2023-07-04 01:09:00,13.094958632429357,77.66235395761802,12.92289752761318,77.57956732510043
336,12.908145760463794,77.58378508990091,2023-07-01 19:57:00,13.030065137269387,77.6312957214663,12.976767776608996,77.68390620493122
337,13.071092116802202,77.68296918021362,2023-07-02 16:15:00,12.939908490185829,77.52561914927324,12.991247301791109,77.69865100308459
338,13.040731571876005,77.57247877982333,2023-07-02 10:41:00,13.036045648486258,77.5676535011989,12.973810604352183,77.50898225979913
339,12.994834765817465,77.61611767005562,2023-07-07 19:35:00,12.914439681795836,77.68561672806521,12.92420500009704,77.65220158469909
340,12.9195668321302,77.62645285758391,2023-07-01 14:52:00,12.906130500441162,77.54492312236877,12.983789558037495,77.57434481328048
341,12.998323175023366,77.50261889131767,2023-07-04 06:57:00,12.951536577702242,77.5744334047675,13.050235609561684,77.5784916372459
342,12.994694354156113,77.63270747440335,2023-07-02 12:09:00,12.992524591347863,77.58641537658885,12.91420153290665,77.6508529946694
343,12.934640373982003,77.53560719337395,2023-07-02 08:54:00,13.073654501081675,77.5878809979389,12.916036002816382,77.68368528642908
344,12.986770329847594,77.69221406349389,2023-07-07 03:20:00,13.045433813953261,77.6225879164989,12.970954258367197,77.69018571890051
345,12.979700946879476,77.52973254555063,2023-07-03 06:56:00,13.048541304239997,77.68861516754895,13.088345142323785,77.61542451720767
346,13.023170019610443,77.5829248247454,2023-07-05 08:08:00,12.985098666889614,77.5481385423665,13.033714529344582,77.5714242318601
347,13.027018730173529,77.51706993361573,2023-07-07 19:03:00,12.969186998509393,77.52430027526019,13.035733991334514,77.65750981717176
348,12.909060801954409,77.6993748503692,2023-07-04 20:54:00,12.974207752596921,77.53949409797198,12.972383998167572,77.55020027665246
349,12.974922522925294,77.60043900206625,2023-07-06 17:07:00,13.097529912747211,77.67738498004185,13.018732158241708,77.6128148057667
350,13.025171983142847,77.61907700346401,2023-07-02 12:12:00,12.908021838282497,77.62916216253105,12.902026236805549,77.57171569230498
351,13.000627251716018,77.51341529547769,2023-07-05 22:36:00,13.073406299224489,77.55718135784784,13.027219209281908,77.63132621474158
352,13.071297968237664,77.64999209407983,2023-07-06 22:52:00,13.015735081714478,77.66318938779372,13.082657389515248,77.5480797825787
353,13.03173872632379,77.54198111861912,2023-07-06 11:43:00,12.987723083837919,77.67227399927269,13.022514693668963,77.53831858914697
354,12.932586885416287,77.67961085788815,2023-07-07 10:56:00,13.045051532083027,77.66930286773805,13.07473971869327,77.68364781733509
355,12.914113749480086,77.5410279280964,2023-07-05 21:46:00,12.99733378828494,77.68378530672791,13.044794611093218,77.52036073658991
356,13.028483855641262,77.53813754413274,2023-07-03 01:55:00,13.074684647616332,77.55044820403468,12.924111683280739,77.60119158154698
357,12.905302262108325,77.50730993356962,2023-07-06 23:27:00,13.080140372802251,77.65100838574926,13.080490661457167,77.5441705565926
358,13.017155116254692,77.594413389022,2023-07-07 05:05:00,12.984344185374692,77.59210789945483,12.913288768871155,77.50778599266513
359,13.08804604828499,77.61296822665253,2023-07-04 10:00:00,12.95536555944701,77.66839971057802,13.006793494509553,77.50720376365828
360,13.015094835575177,77.51314172788567,2023-07-04 15:29:00,13.018470065718672,77.64569813543233,12.928427424758691,77.53504435442116
361,12.977633985241305,77.655105523339,2023-07-05 19:45:00,13.082472669123337,77.65528948929995,12.902341322146182,77.6733540709012
362,13.02865764368847,77.5906577669496,2023-07-06 22:27:00,12.942132437801133,77.63123236753621,12.984406852025527,77.55649574879541
363,12.991650578098303,77.60487805386552,2023-07-04 10:35:00,13.024593316712696,77.53548575389394,12.959008141530832,77.69009183411507
364,13.009123357863187,77.58815254938764,2023-07-03 13:56:00,13.026312044018503,77.60900538377939,12.99720009875952,77.61632445859784
365,13.088292961755304,77.58015261217507,2023-07-07 05:21:00,13.046622604483057,77.69693394790491,13.01543997734691,77.58732283795375
366,12.977220527560155,77.61192806626164,2023-07-05 16:33:00,12.926313537025452,77.68747761329942,12.90874781446179,77.6160177669339
367,13.092238112764782,77.53104804918614,2023-07-06 19:00:00,13.043164992936418,77.5086347471594,12.92460065902475,77.60333967704526
368,13.081070128391213,77.53638562609906,2023-07-05 14:22:00,13.081806504133128,77.53296296314589,13.011728479290085,77.65175525075146
369,12.93915822695786,77.6723571242027,2023-07-01 03:43:00,12.935936621774049,77.52634575469091,12.968633470634531,77.55649921319457
370,12.913872260175033,77.68922309242673,2023-07-02 12:07:00,12.947508664984776,77.64519598199706,13.045834697509889,77.57061007832006
371,12.920155600275486,77.57466186325595,2023-07-01 21:32:00,13.094279018808328,77.66355706597139,13.030458329718387,77.67881886050665
372,12.90364436513031,77.55414893462871,2023-07-01 06:31:00,12.936195390541899,77.54270227326214,13.069120872597981,77.68929130263008
373,12.918888592151186,77.6287999086478,2023-07-02 13:04:00,13.070877018673915,77.60117053859037,13.038498565333844,77.6785116454973
374,13.03660135468327,77.58174683421962,2023-07-07 03:06:00,12.998455571289607,77.66814060560225,12.985986215478029,77.58388959879146
375,12.914237729692045,77.50507727113207,2023-07-05 10:17:00,12.949446214880636,77.64656030895326,13.034593324478886,77.65607310060138
376,12.963795126058752,77.53123051947324,2023-07-05 15:57:00,13.074149980254502,77.60844744109838,12.955076234851084,77.59526714666022
377,13.068975062193891,77.64319444576948,2023-07-03 08:00:00,12.989061051000533,77.61806953809176,12.961262699755643,77.59950797042922
378,12.904654387147165,77.63178478838203,2023-07-07 16:38:00,13.002963470785938,77.60167210938326,13.057797031984158,77.54093602181146
379,13.062893696517786,77.5054191985007,2023-07-06 04:23:00,12.971846673879954,77.55950969026377,12.989283903280317,77.61822606065171
380,12.95637095495468,77.5443944323866,2023-07-04 05:28:00,13.018590170286986,77.6130043985718,13.05967606810367,77.53722717955067
381,12.923632965524332,77.54621495931761,2023-07-05 21:21:00,12.932704774517005,77.63777706041002,13.064484474733655,77.56631293981344
382,13.03934743307283,77.63437854871975,2023-07-04 23:23:00,12.978216307330353,77.67466458317216,13.071512467532257,77.67100604032399
383,13.025788569355976,77.50394210755087,2023-07-06 21:46:00,13.093882464467058,77.62725827079585,13.083327047168241,77.54141516184217
384,13.075494402705411,77.52082171639691,2023-07-03 12:34:00,12.951626686540227,77.65222430740863,12.98619704410266,77.51423165703468
385,13.047014208760777,77.65998321707464,2023-07-01 22:33:00,13.031347332908258,77.53201432699092,12.963773363664227,77.51380151852257
386,13.060696186076969,77.53570893241087,2023-07-05 11:54:00,12.96503801284494,77.59231149488396,13.016439749318822,77.68815690410062
387,12.956406914514261,77.63054922157038,2023-07-02 14:02:00,13.05469462513732,77.50186632396542,12.974234484687525,77.60138408759236
388,12.935487908755945,77.54763655620934,2023-07-05 14:53:00,12.92617473214367,77.54933577290433,13.020214833360047,77.5818824143634
389,13.050122950328172,77.51988827855187,2023-07-06 02:46:00,13.09396420901571,77.6452923430226,13.041117172528764,77.66217571620159
390,13.061366947853452,77.5486344381999,2023-07-06 18:34:00,12.990757908276727,77.69836199026987,13.037681003698427,77.6671651855821
391,13.098101028400134,77.64445338637114,2023-07-02 01:53:00,12.947210092669293,77.51983561991744,12.974910577404025,77.56643820662312
392,12.982523535382285,77.67113929362127,2023-07-01 05:54:00,12.914699349466003,77.58029886317226,12.933372040339751,77.63872361149475
393,12.974403617158556,77.6660439729134,2023-07-07 15:30:00,12.933951581017508,77.66001419373984,12.98610586769244,77.65422456317037
394,13.0552825921484,77.5794367059237,2023-07-05 11:02:00,13.003954789711203,77.54080712692578,12.928518828816381,77.6309301373732
395,12.968160708050604,77.63361702731413,2023-07-02 04:45:00,12.967400635286257,77.61101698986046,13.078019407036761,77.53031901496001
396,13.086151465120713,77.54099685908317,2023-07-02 03:52:00,13.065776673176522,77.64661425920593,12.969175492147572,77.67517661670341
397,13.071682550368601,77.5586295460522,2023-07-07 02:55:00,12.98617750473236,77.62319709005203,12.930891949444664,77.60781891054721
398,12.985798805475003,77.67926716370422,2023-07-07 15:25:00,12.949742854517526,77.53760494692308,12.90508955198115,77.556494485274
399,13.0501742135583,77.50260038470215,2023-07-04 20:32:00,13.023428997320806,77.57107691373714,13.029164477257297,77.58504563708755
400,13.050908574816937,77.51710170617089,2023-07-02 21:58:00,13.041355443377089,77.65675835689709,13.027380463490948,77.50751421807978
401,12.920624773767187,77.54157725102921,2023-07-07 10:32:00,12.93340838158019,77.6108453028264,12.968120833316258,77.52557336024448
402,13.080510581335913,77.50530644077476,2023-07-06 05:13:00,12.933523843257664,77.50104592270858,12.91434237776953,77.65310935010318
403,13.001050474489572,77.53628708701795,2023-07-01 04:15:00,12.907334285386709,77.65219815200562,12.981925778979047,77.50000232695108
404,13.065291493221547,77.61660831219395,2023-07-01 08:48:00,13.047280403013128,77.50706227098804,12.96224349901268,77.58331316569645
405,12.964009920206122,77.5842849101185,2023-07-02 02:55:00,13.032760905524361,77.64914675654624,13.035424127947001,77.60450203621711
406,13.079104645699239,77.6785343422154,2023-07-07 22:39:00,12.994926175149963,77.54049611203305,13.021155849890539,77.5109268840002
407,12.977840335746833,77.66348871234769,2023-07-07 14:46:00,13.068834089793839,77.69161469602388,12.972918745639507,77.69461563259446
408,12.90216753029606,77.56836347033958,2023-07-01 11:27:00,13.06113403059001,77.57358815026042,12.943578510850998,77.54522506624994
409,13.081076395283853,77.55188468668626,2023-07-03 20:23:00,13.01707087287935,77.56538632326762,13.097607193231118,77.56083974392726
410,12.918257335357227,77.57593848163346,2023-07-02 17:06:00,13.073654256102651,77.52977761006649,12.990800324239222,77.560788502451
411,12.963862727518084,77.61805898850297,2023-07-02 20:36:00,12.941168242007354,77.56112084309804,13.037654847156047,77.54608333242346
412,13.090012393410161,77.55361272816458,2023-07-04 05:59:00,12.922383923879545,77.67533015236565,12.928110593515672,77.50029476441726
413,13.09012142938751,77.62482978156983,2023-07-07 12:27:00,12.953949922303398,77.69926686752545,12.99711793993188,77.6458689588176
414,13.014687577624658,77.58188233043825,2023-07-01 13:52:00,12.911417371217864,77.57366190610136,12.905507343973893,77.69336909995987
415,13.02636744243396,77.6104094361704,2023-07-01 17:03:00,13.006233905600206,77.5897221261909,13.00109102358209,77.54485869665702
416,12.989689104395664,77.58722530582706,2023-07-05 07:37:00,13.087321138458991,77.64441418764055,13.092803481423541,77.63260943836069
417,12.958642154339612,77.55889315190838,2023-07-02 14:13:00,12.907868708133702,77.67723915609302,12.97684134259716,77.64837926539174
418,12.965732909073983,77.68969066139243,2023-07-01 09:23:00,12.924421982802006,77.61860886683736,12.907799202514983,77.66968507581811
419,13.034503691215408,77.65272115883195,2023-07-05 13:57:00,12.990439805656687,77.57830513963556,12.90619115818387,77.58452583940273
420,13.050474905887535,77.52802263515329,2023-07-04 19:32:00,13.086775003505581,77.58252436816973,12.977597351989374,77.56058618112809
421,13.058315808745169,77.67369359517959,2023-07-07 01:38:00,12.96323122099535,77.63912362929936,12.93200498729264,77.5650590268046
422,13.05792362855891,77.59748623964991,2023-07-06 23:20:00,13.00144696173768,77.50064365272085,12.904670419265637,77.6425242666197
423,12.918241220609739,77.67891044537882,2023-07-06 07:42:00,12.90831457181008,77.62391786749197,13.051242722790036,77.66335589330113
424,12.998884060940517,77.65997105118946,2023-07-01 08:57:00,12.929668640192418,77.57109860208827,12.991704601776378,77.53632279355132
425,12.91151175200333,77.58504270089385,2023-07-04 11:16:00,13.09732602459177,77.65883946625542,12.957848954394532,77.57418820163156
426,13.009905776464747,77.50449386166402,2023-07-03 03:37:00,13.093023739287208,77.51859812796462,13.080016636603295,77.68038803934984
427,12.988306100274675,77.55373547187699,2023-07-04 07:20:00,12.900987996186883,77.61764045338968,12.923227792040105,77.66133870393895
428,13.077540836551659,77.60832684293217,2023-07-03 14:20:00,13.090362357084647,77.59619457797723,13.091183765791063,77.6969716805525
429,12.970183002510415,77.62669564396523,2023-07-04 00:19:00,13.0278239875631,77.62846510518105,12.96279334347547,77.65084965193641
430,12.92341340328552,77.55157753708664,2023-07-07 17:03:00,13.073583658904004,77.5129707188966,13.077680734461737,77.57863904020559
431,12.928598336410568,77.52787121481457,2023-07-02 22:44:00,12.990947971126772,77.61599675748563,13.020588575295893,77.61812756679893
432,13.052302126343495,77.66698604735986,2023-07-03 13:58:00,13.00311920571585,77.6122969175919,13.065341471948297,77.63220285084947
433,13.023643612663252,77.69688043614072,2023-07-03 08:55:00,12.997769316051384,77.61213201888323,13.096802632642092,77.51569116326343
434,12.920224535224559,77.60513803646054,2023-07-01 06:51:00,13.03337285150922,77.62069753331929,12.95768108756375,77.60889939182077
435,12.916821361223,77.53433585716967,2023-07-06 18:53:00,12.927930250951263,77.63529358744528,13.092227097081519,77.64186416569453
436,13.040193826291825,77.55446146530387,2023-07-06 06:33:00,12.905994717974536,77.66099779993615,12.977896378980484,77.53346426080022
437,12.914552601272838,77.5036781353095,2023-07-07 08:06:00,12.96158598831824,77.55396414402564,12.977102380947384,77.65612634348511
438,13.06437201185807,77.6828597613121,2023-07-02 13:16:00,13.04093615254733,77.66500988203602,12.968077420850902,77.61675455610282
439,13.041248445431298,77.52355021657803,2023-07-04 02:00:00,12.94037069042459,77.59965113645269,13.008281521469517,77.69044435713953
440,12.916269756128381,77.61530329510285,2023-07-06 08:13:00,13.034686486664983,77.51541165582687,12.930829008635698,77.50848445964138
441,12.916967542817039,77.55481104413744,2023-07-02 09:51:00,13.093982409221454,77.5117101858488,13.010742297071602,77.5530652275111
442,13.097327915700236,77.61083560050317,2023-07-06 16:13:00,12.918780143157884,77.56684766373921,13.008340962482,77.62031077585996
443,12.974854159151224,77.63028407767038,2023-07-03 10:30:00,13.034520423645025,77.6569793954223,13.052380362520974,77.55931198244119
444,12.974128429413378,77.66594836074144,2023-07-03 23:59:00,12.988750043860914,77.64153618694819,13.066729992387517,77.64288483281425
445,13.0625599134515,77.54128425435212,2023-07-07 01:35:00,13.073628450875502,77.65772299293448,12.988088270062486,77.65180105650438
446,13.089449715476771,77.5021991657317,2023-07-01 02:21:00,12.935429957889477,77.60345381128832,12.960466649870298,77.5205031928133
447,13.097200212764573,77.52737712601376,2023-07-04 10:15:00,13.038525190445233,77.5880397995911,12.95186697946342,77.60277089284135
448,13.050675637051787,77.68000372836963,2023-07-01 10:35:00,13.067623057929621,77.52949050534126,12.938924767340975,77.60177811111821
449,12.975251917106183,77.6747780155125,2023-07-06 04:22:00,13.088922843894805,77.56563855072186,12.911529516439805,77.57385615404311
450,12.916700143339733,77.61948262043407,2023-07-04 07:54:00,13.03664960565793,77.58680387323477,12.968489595766943,77.68658497251394
451,13.055429383185487,77.62010337208673,2023-07-07 05:13:00,12.999434952801685,77.51772008593592,12.954049538426156,77.66550126397465
452,13.011680849947162,77.63300733490925,2023-07-04 13:07:00,13.023569448040243,77.54412239054224,13.093283477173282,77.63944187638192
453,12.984844401849395,77.5350742557247,2023-07-06 01:54:00,13.073780996895744,77.61964505881275,13.011541765250008,77.642865327147
454,13.081270877018946,77.682882389185,2023-07-06 09:18:00,13.014121949327766,77.64713262284783,12.969455407806102,77.59234322876263
455,12.92223949646123,77.58375410497841,2023-07-01 01:58:00,12.906077411939368,77.6996695022786,13.016093520198739,77.68419890421931
456,12.998525020858171,77.5766277056499,2023-07-05 17:28:00,13.086189739101394,77.68662266626872,12.92783934026914,77.63891908545065
457,12.902270728953484,77.60378354105657,2023-07-07 17:23:00,13.037905350206312,77.62851303990703,12.988808749840441,77.64579621233116
458,12.993732128398825,77.50939319335501,2023-07-06 20:08:00,13.03530267715545,77.58424961065882,13.025246864284213,77.67233818075748
459,12.911260655136369,77.53325667375121,2023-07-01 11:54:00,12.943135030479544,77.62723547294165,12.99777956635849,77.55481431786843
460,12.923763583253615,77.64760672328528,2023-07-05 02:29:00,13.03177709404653,77.65713032361604,12.980355760130864,77.66141418077335
461,12.923505249355422,77.51655973358503,2023-07-06 10:00:00,12.978772881130832,77.52366723818467,13.09876967777994,77.5390481205913
462,13.029842060423213,77.62063042189328,2023-07-04 15:10:00,13.030246595408299,77.58198097793925,13.076062952429785,77.56906839044898
463,13.049208975853084,77.54906982193627,2023-07-02 18:58:00,12.921318606061599,77.66796045712712,13.024681191631888,77.56712209085397
464,13.016673753019433,77.57785912280839,2023-07-05 14:03:00,13.031569060920607,77.57676659038661,13.013875472236457,77.69570509367783
465,13.092434509694908,77.55773874735414,2023-07-04 02:24:00,13.099882745154133,77.61437445424544,13.024132095964916,77.67130744474959
466,12.974974115904741,77.57113454329298,2023-07-01 14:12:00,12.909642407772111,77.61755387217244,12.940262421564487,77.64023397231806
467,12.957142417256373,77.64380918103686,2023-07-03 17:29:00,13.095434836844262,77.53689525062673,12.979027548652864,77.64541135232308
468,13.073719825637891,77.55942434312463,2023-07-02 03:38:00,12.981381592144574,77.57244708833046,12.90789190657818,77.61241455888052
469,12.94471916770389,77.61328092805938,2023-07-03 03:19:00,13.074150690067452,77.56690225774838,12.995109207497366,77.68941813342171
470,13.092644507888123,77.59521008043983,2023-07-01 08:28:00,13.056477096811655,77.50523934170641,13.008604916791533,77.59925175057647
471,12.902430894937964,77.63273423307253,2023-07-05 01:42:00,13.013403252197334,77.50483835277826,12.945549947220641,77.57610354197398
472,13.093975765341527,77.68736594786495,2023-07-05 04:11:00,13.047689841850264,77.66633940873515,13.092805769433102,77.53260706738632
473,12.908631982390116,77.64651441944206,2023-07-07 11:32:00,13.07570311226027,77.55461416199456,13.081890922187448,77.65724113045222
474,13.078228622739614,77.54298807571816,2023-07-01 02:20:00,12.980828064330206,77.60361575324777,13.04442864709118,77.64688878641512
475,13.00554022181726,77.50623662701226,2023-07-07 12:07:00,12.965406632312648,77.55974511471776,13.006677325753072,77.57687100770482
476,13.09859295922386,77.55245280885997,2023-07-04 05:46:00,13.033518677112717,77.68813584902307,13.073993831929537,77.50503868279185
477,12.91475931294708,77.61901558614005,2023-07-03 15:21:00,13.061569188388251,77.55185935177316,12.926130468764693,77.66779946554361
478,13.010770856880264,77.51028516269685,2023-07-05 05:55:00,13.052457026955324,77.58593136254778,13.058101958854976,77.50228359669082
479,13.09386050712382,77.59927324944024,2023-07-03 03:35:00,13.059562729771727,77.67454605009692,12.92496416279337,77.64073995592581
480,13.00461956883403,77.61936856978338,2023-07-03 21:56:00,12.987116662962586,77.66838671335836,13.05884213250988,77.69405142194522
481,13.025879727627052,77.56684877816339,2023-07-05 21:55:00,13.063566843235003,77.53722028356925,12.955153513650272,77.58753226562965
482,13.039149737796924,77.65418244074917,2023-07-01 16:37:00,12.924041811074122,77.66052866195915,13.075418116203638,77.54699468099919
483,12.990908212953554,77.52131965062675,2023-07-05 12:56:00,13.00889781959217,77.59163737734758,13.08880841876508,77.64097420200868
484,13.025511616016813,77.51502755634716,2023-07-05 21:45:00,12.901151732099624,77.59659377441707,12.929759193881024,77.66342562840312
485,13.01686286238462,77.64563775124073,2023-07-06 16:23:00,12.964917165980054,77.52669599448319,12.992535121013079,77.60928606321558
486,13.080231602098198,77.59909826324125,2023-07-07 15:24:00,12.97329230697428,77.51612030275143,13.096197475632536,77.69340705505124
487,12.909089276068292,77.63768047928555,2023-07-01 09:13:00,12.979234538321851,77.64558786139476,12.99668148719463,77.51033374433159
488,12.956192637918447,77.58696546772074,2023-07-05 17:07:00,13.039093441337972,77.59929223047106,13.072709504502908,77.60095911966091
489,13.09008229681531,77.54928040664782,2023-07-03 01:02:00,12.97771162025407,77.58737014052303,13.017746304426264,77.64369078946451
490,13.078052756778183,77.66382046353485,2023-07-01 06:31:00,12.989738724524505,77.64590164573048,12.97506598158392,77.67252809422983
491,12.991131350557142,77.6598831757938,2023-07-04 14:29:00,12.947508826174866,77.65310257979823,12.957156711105174,77.53585112238156
492,13.024026519560307,77.63893929417088,2023-07-03 23:52:00,12.974650358325867,77.53178163353387,12.940644618217217,77.66000069635274
493,12.955476236596226,77.55442902744599,2023-07-07 00:34:00,12.94545392545263,77.62204502989553,13.05235963827554,77.61054141514371
494,12.937624231944753,77.61804613337382,2023-07-06 14:34:00,12.914639184753689,77.52707081645553,12.977308101364606,77.579310736398
495,12.992739680987997,77.57219477938801,2023-07-03 14:04:00,13.020689718676275,77.65027501720581,13.00225509244015,77.52634300571582
496,12.970670445605212,77.51831641466532,2023-07-03 20:22:00,13.033642559711003,77.63139103125343,12.998465096000237,77.67305915178179
497,13.016731222370174,77.68346271509245,2023-07-05 14:44:00,13.023898069201923,77.69132292421669,13.015455805846626,77.53145464163595
498,12.915546927392997,77.5273637261838,2023-07-06 19:33:00,12.992698808760114,77.51379160327129,13.07311542912491,77.56195757184182
499,13.094878961533233,77.69004747076416,2023-07-06 11:35:00,12.975957156035847,77.51141094423025,13.096147868716686,77.55800910639249
500,13.097242148895921,77.58920115459159,2023-07-06 23:41:00,13.072666729914365,77.55643741493864,12.981516841714763,77.67428280683818
